{
  "$schema": "./node_modules/@angular/cli/lib/config/schema.json",
  "project": {
    "name": "frontend"
  },
  "apps": [
    {
      "root": "src",
      "outDir": "dist",
      "assets": [
        "assets",
        "favicon.ico"
      ],
      "index": "index.html",
      "main": "main.ts",
      "polyfills": "polyfills.ts",
      "test": "test.ts",
      "tsconfig": "tsconfig.app.json",
      "testTsconfig": "tsconfig.spec.json",
      "prefix": "app",
      "styles": [
        "../node_modules/bootstrap/dist/css/bootstrap.min.css",
        "../node_modules/intro.js/introjs.css",
        "../node_modules/roboto-fontface/css/roboto/roboto-fontface.css",
        "../node_modules/ngx-toasty/style-bootstrap.css",
        "styles/base.scss"
      ],
      "scripts": [ ],
      "environmentSource": "environments/environment.ts",
      "environments": {
        "local": "environments/environment.local.ts",
        "dev": "environments/environment.dev.ts",
        "dev02": "environments/environment.dev02.ts",
        "qa": "environments/environment.qa.ts",
        "prod": "environments/environment.prod.ts"
      }
    }
  ],
  "e2e": {
    "protractor": {
      "config": "./protractor.conf.js"
    }
  },
  "lint": [
    {
      "project": "src/tsconfig.app.json",
      "exclude": "**/node_modules/**"
    },
    {
      "project": "src/tsconfig.spec.json",
      "exclude": "**/node_modules/**"
    },
    {
      "project": "e2e/tsconfig.e2e.json",
      "exclude": "**/node_modules/**"
    }
  ],
  "test": {
    "karma": {
      "config": "./karma.conf.js"
    }
  },
  "defaults": {
    "styleExt": "scss",
    "component": {
    }
  }
}
